{
  "parameters": {
    "target_loss_ratio": 0.6,
    "input": "data/processed/pricing_glm_credibility.csv",
    "pricing_bases": [
      "baseline",
      "glm",
      "credibility"
    ],
    "note": "Current version is a synthetic-data monitoring framework, not a true out-of-time production backtest."
  },
  "portfolio": {
    "eligible_exposures": 110197.0,
    "covered_claim_count": 8485.0,
    "actual_loss": 163112.682297622,
    "baseline_expected_loss": 163112.68229762197,
    "glm_expected_loss": 164831.0987919977,
    "credibility_expected_loss": 164831.09879199773,
    "baseline_commercial_premium": 271854.47049603664,
    "glm_commercial_premium": 274718.4979866629,
    "credibility_commercial_premium": 274718.4979866629,
    "unique_orders": 96478.0,
    "unique_sellers": 2970.0,
    "unique_products": 32216.0,
    "claim_frequency": 0.07699846638293238,
    "average_severity": 19.22365141987295,
    "actual_pure_premium": 1.480191677610298,
    "baseline_expected_pure_premium": 1.4801916776102977,
    "baseline_ae": 1.0000000000000002,
    "baseline_loss_ratio": 0.6000000000000001,
    "baseline_loss_ratio_vs_target": 1.1102230246251565e-16,
    "glm_expected_pure_premium": 1.495785718231873,
    "glm_ae": 0.9895746827693954,
    "glm_loss_ratio": 0.5937448096616371,
    "glm_loss_ratio_vs_target": -0.006255190338362859,
    "credibility_expected_pure_premium": 1.4957857182318732,
    "credibility_ae": 0.9895746827693952,
    "credibility_loss_ratio": 0.5937448096616371,
    "credibility_loss_ratio_vs_target": -0.006255190338362859,
    "glm_ae_improvement_vs_baseline": -0.010425317230604358,
    "credibility_ae_improvement_vs_glm": -2.220446049250313e-16,
    "credibility_expected_loss_change_vs_glm": 2.220446049250313e-16
  },
  "monitoring_dimensions": {
    "month_count": 12,
    "category_count": 72,
    "route_count": 412,
    "seller_tier_count": 3,
    "seller_count": 2970
  },
  "top_category_high_loss_ratio": [
    {
      "product_category_name_english": "consoles_games",
      "eligible_exposures": 1089,
      "covered_claim_count": 86,
      "actual_loss": 1572.8711621945263,
      "credibility_expected_loss": 1443.631507203448,
      "credibility_ae": 1.0895239916462038,
      "credibility_loss_ratio": 0.6537143949877223
    },
    {
      "product_category_name_english": "construction_tools_construction",
      "eligible_exposures": 916,
      "covered_claim_count": 60,
      "actual_loss": 1350.334139716071,
      "credibility_expected_loss": 1255.562294216168,
      "credibility_ae": 1.0754815957252584,
      "credibility_loss_ratio": 0.645288957435155
    },
    {
      "product_category_name_english": "books_general_interest",
      "eligible_exposures": 537,
      "covered_claim_count": 45,
      "actual_loss": 791.5585190743972,
      "credibility_expected_loss": 757.4503108832229,
      "credibility_ae": 1.0450302913618221,
      "credibility_loss_ratio": 0.6270181748170932
    },
    {
      "product_category_name_english": "garden_tools",
      "eligible_exposures": 4268,
      "covered_claim_count": 278,
      "actual_loss": 6416.06129429883,
      "credibility_expected_loss": 6247.567186105725,
      "credibility_ae": 1.0269695552162812,
      "credibility_loss_ratio": 0.6161817331297686
    },
    {
      "product_category_name_english": "health_beauty",
      "eligible_exposures": 9465,
      "covered_claim_count": 858,
      "actual_loss": 16201.840244133602,
      "credibility_expected_loss": 15811.141150116731,
      "credibility_ae": 1.0247103665894468,
      "credibility_loss_ratio": 0.614826219953668
    },
    {
      "product_category_name_english": "bed_bath_table",
      "eligible_exposures": 10953,
      "covered_claim_count": 862,
      "actual_loss": 15695.270554962539,
      "credibility_expected_loss": 15383.988230070152,
      "credibility_ae": 1.020234175965108,
      "credibility_loss_ratio": 0.6121405055790646
    },
    {
      "product_category_name_english": "home_construction",
      "eligible_exposures": 596,
      "covered_claim_count": 47,
      "actual_loss": 1081.7229863253774,
      "credibility_expected_loss": 1065.5188502708647,
      "credibility_ae": 1.015207742266027,
      "credibility_loss_ratio": 0.6091246453596162
    },
    {
      "product_category_name_english": "housewares",
      "eligible_exposures": 6795,
      "covered_claim_count": 455,
      "actual_loss": 9463.083446461611,
      "credibility_expected_loss": 9442.79016378484,
      "credibility_ae": 1.0021490769491628,
      "credibility_loss_ratio": 0.6012894461694975
    },
    {
      "product_category_name_english": "telephony",
      "eligible_exposures": 4430,
      "covered_claim_count": 404,
      "actual_loss": 6245.467968343178,
      "credibility_expected_loss": 6248.611576172366,
      "credibility_ae": 0.9994969109872063,
      "credibility_loss_ratio": 0.5996981465923238
    },
    {
      "product_category_name_english": "unknown",
      "eligible_exposures": 1559,
      "covered_claim_count": 111,
      "actual_loss": 2010.8203360311713,
      "credibility_expected_loss": 2015.166536321752,
      "credibility_ae": 0.9978432550301706,
      "credibility_loss_ratio": 0.5987059530181024
    }
  ],
  "top_route_high_loss_ratio": [
    {
      "route_state": "SC_to_RJ",
      "eligible_exposures": 531,
      "covered_claim_count": 52,
      "actual_loss": 1289.2376831913145,
      "credibility_expected_loss": 1175.4291738421216,
      "credibility_ae": 1.0968229408303585,
      "credibility_loss_ratio": 0.658093764498215
    },
    {
      "route_state": "PR_to_RS",
      "eligible_exposures": 685,
      "covered_claim_count": 52,
      "actual_loss": 1126.2838071853753,
      "credibility_expected_loss": 1036.6815273252428,
      "credibility_ae": 1.0864318283854413,
      "credibility_loss_ratio": 0.6518590970312648
    },
    {
      "route_state": "SP_to_PA",
      "eligible_exposures": 765,
      "covered_claim_count": 74,
      "actual_loss": 2339.901550659372,
      "credibility_expected_loss": 2164.202644512261,
      "credibility_ae": 1.0811841287564399,
      "credibility_loss_ratio": 0.6487104772538639
    },
    {
      "route_state": "RS_to_SP",
      "eligible_exposures": 749,
      "covered_claim_count": 64,
      "actual_loss": 1558.215894982183,
      "credibility_expected_loss": 1451.4694542899058,
      "credibility_ae": 1.0735437045380334,
      "credibility_loss_ratio": 0.6441262227228199
    },
    {
      "route_state": "PR_to_PR",
      "eligible_exposures": 805,
      "covered_claim_count": 46,
      "actual_loss": 674.0344619474947,
      "credibility_expected_loss": 639.119089904086,
      "credibility_ae": 1.054630463390866,
      "credibility_loss_ratio": 0.6327782780345196
    },
    {
      "route_state": "MG_to_MG",
      "eligible_exposures": 1669,
      "covered_claim_count": 95,
      "actual_loss": 1555.97588988844,
      "credibility_expected_loss": 1494.711331964572,
      "credibility_ae": 1.040987551652094,
      "credibility_loss_ratio": 0.6245925309912563
    },
    {
      "route_state": "SP_to_MA",
      "eligible_exposures": 549,
      "covered_claim_count": 62,
      "actual_loss": 2286.858002219924,
      "credibility_expected_loss": 2222.3969828646736,
      "credibility_ae": 1.0290051776762943,
      "credibility_loss_ratio": 0.6174031066057766
    },
    {
      "route_state": "RJ_to_RJ",
      "eligible_exposures": 1084,
      "covered_claim_count": 61,
      "actual_loss": 750.9300978622038,
      "credibility_expected_loss": 730.1038382518452,
      "credibility_ae": 1.0285250652293854,
      "credibility_loss_ratio": 0.6171150391376312
    },
    {
      "route_state": "SP_to_RS",
      "eligible_exposures": 4134,
      "covered_claim_count": 337,
      "actual_loss": 6715.025753016154,
      "credibility_expected_loss": 6557.22469887149,
      "credibility_ae": 1.0240652198744726,