field,missing_count,missing_rate
product_height_cm,18,0.00015978695073235686
product_length_cm,18,0.00015978695073235686
product_volume_cm3,18,0.00015978695073235686
product_weight_g,18,0.00015978695073235686
product_width_cm,18,0.00015978695073235686
